Date,Sunrise,Sunset
2025-01-01,8:02,16:26
2025-01-02,8:02,16:27
2025-01-03,8:02,16:28
2025-01-04,8:02,16:29
2025-01-05,8:01,16:30
2025-01-06,8:01,16:31
2025-01-07,8:01,16:33
2025-01-08,8:00,16:34
2025-01-09,8:00,16:35
2025-01-10,7:59,16:36
2025-01-11,7:59,16:38
2025-01-12,7:58,16:39
2025-01-13,7:58,16:40
2025-01-14,7:57,16:42
2025-01-15,7:56,16:43
2025-01-16,7:56,16:45
2025-01-17,7:55,16:46
2025-01-18,7:54,16:48
2025-01-19,7:53,16:49
2025-01-20,7:52,16:51
2025-01-21,7:51,16:52
2025-01-22,7:50,16:54
2025-01-23,7:49,16:55
2025-01-24,7:48,16:57
2025-01-25,7:47,16:58
2025-01-26,7:46,17:00
2025-01-27,7:45,17:01
2025-01-28,7:44,17:03
2025-01-29,7:42,17:05
2025-01-30,7:41,17:06
2025-01-31,7:40,17:08
2025-02-01,7:38,17:09
2025-02-02,7:37,17:11
2025-02-03,7:36,17:13
2025-02-04,7:34,17:14
2025-02-05,7:33,17:16
2025-02-06,7:31,17:18
2025-02-07,7:30,17:19
2025-02-08,7:28,17:21
2025-02-09,7:27,17:23
2025-02-10,7:25,17:24
2025-02-11,7:23,17:26
2025-02-12,7:22,17:27
2025-02-13,7:20,17:29
2025-02-14,7:18,17:31
2025-02-15,7:17,17:32
2025-02-16,7:15,17:34
2025-02-17,7:13,17:36
2025-02-18,7:11,17:37
2025-02-19,7:10,17:39
2025-02-20,7:08,17:40
2025-02-21,7:06,17:42
2025-02-22,7:04,17:44
2025-02-23,7:02,17:45
2025-02-24,7:00,17:47
2025-02-25,6:58,17:48
2025-02-26,6:56,17:50
2025-02-27,6:55,17:51
2025-02-28,6:53,17:53
2025-03-01,6:51,17:55
2025-03-02,6:49,17:56
2025-03-03,6:47,17:58
2025-03-04,6:45,17:59
2025-03-05,6:43,18:01
2025-03-06,6:41,18:02
2025-03-07,6:39,18:04
2025-03-08,6:37,18:05
2025-03-09,7:35,19:07
2025-03-10,7:33,19:08
2025-03-11,7:31,19:10
2025-03-12,7:28,19:12
2025-03-13,7:26,19:13
2025-03-14,7:24,19:15
2025-03-15,7:22,19:16
2025-03-16,7:20,19:18
2025-03-17,7:18,19:19
2025-03-18,7:16,19:21
2025-03-19,7:14,19:22
2025-03-20,7:12,19:24
2025-03-21,7:10,19:25
2025-03-22,7:08,19:27
2025-03-23,7:06,19:28
2025-03-24,7:04,19:29
2025-03-25,7:02,19:31
2025-03-26,6:59,19:32
2025-03-27,6:57,19:34
2025-03-28,6:55,19:35
2025-03-29,6:53,19:37
2025-03-30,6:51,19:38
2025-03-31,6:49,19:40
2025-04-01,6:47,19:41
2025-04-02,6:45,19:43
2025-04-03,6:43,19:44
2025-04-04,6:41,19:46
2025-04-05,6:39,19:47
2025-04-06,6:37,19:49
2025-04-07,6:35,19:50
2025-04-08,6:33,19:52
2025-04-09,6:31,19:53
2025-04-10,6:29,19:55
2025-04-11,6:27,19:56
2025-04-12,6:25,19:58
2025-04-13,6:23,19:59
2025-04-14,6:21,20:00
2025-04-15,6:19,20:02
2025-04-16,6:17,20:03
2025-04-17,6:15,20:05
2025-04-18,6:13,20:06
2025-04-19,6:11,20:08
2025-04-20,6:09,20:09
2025-04-21,6:07,20:11
2025-04-22,6:06,20:12
2025-04-23,6:04,20:14
2025-04-24,6:02,20:15
2025-04-25,6:00,20:17
2025-04-26,5:58,20:18
2025-04-27,5:57,20:19
2025-04-28,5:55,20:21
2025-04-29,5:53,20:22
2025-04-30,5:51,20:24
2025-05-01,5:50,20:25
2025-05-02,5:48,20:27
2025-05-03,5:46,20:28
2025-05-04,5:45,20:30
2025-05-05,5:43,20:31
2025-05-06,5:42,20:32
2025-05-07,5:40,20:34
2025-05-08,5:39,20:35
2025-05-09,5:37,20:37
2025-05-10,5:36,20:38
2025-05-11,5:34,20:39
2025-05-12,5:33,20:41
2025-05-13,5:32,20:42
2025-05-14,5:30,20:43
2025-05-15,5:29,20:45
2025-05-16,5:28,20:46
2025-05-17,5:26,20:47
2025-05-18,5:25,20:49
2025-05-19,5:24,20:50
2025-05-20,5:23,20:51
2025-05-21,5:22,20:52
2025-05-22,5:21,20:53
2025-05-23,5:20,20:55
2025-05-24,5:19,20:56
2025-05-25,5:18,20:57
2025-05-26,5:17,20:58
2025-05-27,5:16,20:59
2025-05-28,5:15,21:00
2025-05-29,5:14,21:01
2025-05-30,5:14,21:02
2025-05-31,5:13,21:03
2025-06-01,5:12,21:04
2025-06-02,5:12,21:05
2025-06-03,5:11,21:06
2025-06-04,5:11,21:07
2025-06-05,5:10,21:08
2025-06-06,5:10,21:08
2025-06-07,5:09,21:09
2025-06-08,5:09,21:10
2025-06-09,5:09,21:11
2025-06-10,5:08,21:11
2025-06-11,5:08,21:12
2025-06-12,5:08,21:12
2025-06-13,5:08,21:13
2025-06-14,5:08,21:13
2025-06-15,5:08,21:14
2025-06-16,5:08,21:14
2025-06-17,5:08,21:15
2025-06-18,5:08,21:15
2025-06-19,5:08,21:15
2025-06-20,5:08,21:16
2025-06-21,5:08,21:16
2025-06-22,5:08,21:16
2025-06-23,5:09,21:16
2025-06-24,5:09,21:16
2025-06-25,5:09,21:16
2025-06-26,5:10,21:16
2025-06-27,5:10,21:16
2025-06-28,5:11,21:16
2025-06-29,5:11,21:16
2025-06-30,5:12,21:15
2025-07-01,5:13,21:15
2025-07-02,5:13,21:15
2025-07-03,5:14,21:15
2025-07-04,5:15,21:14
2025-07-05,5:15,21:14
2025-07-06,5:16,21:13
2025-07-07,5:17,21:13
2025-07-08,5:18,21:12
2025-07-09,5:19,21:12
2025-07-10,5:20,21:11
2025-07-11,5:21,21:10
2025-07-12,5:22,21:09
2025-07-13,5:23,21:09
2025-07-14,5:24,21:08
2025-07-15,5:25,21:07
2025-07-16,5:26,21:06
2025-07-17,5:27,21:05
2025-07-18,5:28,21:04
2025-07-19,5:29,21:03
2025-07-20,5:30,21:02
2025-07-21,5:31,21:01
2025-07-22,5:33,21:00
2025-07-23,5:34,20:59
2025-07-24,5:35,20:57
2025-07-25,5:36,20:56
2025-07-26,5:37,20:55
2025-07-27,5:39,20:54
2025-07-28,5:40,20:52
2025-07-29,5:41,20:51
2025-07-30,5:43,20:50
2025-07-31,5:44,20:48
2025-08-01,5:45,20:47
2025-08-02,5:46,20:45
2025-08-03,5:48,20:44
2025-08-04,5:49,20:42
2025-08-05,5:51,20:41
2025-08-06,5:52,20:39
2025-08-07,5:53,20:37
2025-08-08,5:55,20:36
2025-08-09,5:56,20:34
2025-08-10,5:57,20:32
2025-08-11,5:59,20:31
2025-08-12,6:00,20:29
2025-08-13,6:01,20:27
2025-08-14,6:03,20:25
2025-08-15,6:04,20:24
2025-08-16,6:06,20:22
2025-08-17,6:07,20:20
2025-08-18,6:08,20:18
2025-08-19,6:10,20:16
2025-08-20,6:11,20:14
2025-08-21,6:13,20:12
2025-08-22,6:14,20:11
2025-08-23,6:15,20:09
2025-08-24,6:17,20:07
2025-08-25,6:18,20:05
2025-08-26,6:20,20:03
2025-08-27,6:21,20:01
2025-08-28,6:22,19:59
2025-08-29,6:24,19:57
2025-08-30,6:25,19:55
2025-08-31,6:27,19:53
2025-09-01,6:28,19:51
2025-09-02,6:29,19:49
2025-09-03,6:31,19:47
2025-09-04,6:32,19:45
2025-09-05,6:34,19:43
2025-09-06,6:35,19:41
2025-09-07,6:36,19:38
2025-09-08,6:38,19:36
2025-09-09,6:39,19:34
2025-09-10,6:40,19:32
2025-09-11,6:42,19:30
2025-09-12,6:43,19:28
2025-09-13,6:45,19:26
2025-09-14,6:46,19:24
2025-09-15,6:47,19:22
2025-09-16,6:49,19:20
2025-09-17,6:50,19:17
2025-09-18,6:52,19:15
2025-09-19,6:53,19:13
2025-09-20,6:54,19:11
2025-09-21,6:56,19:09
2025-09-22,6:57,19:07
2025-09-23,6:59,19:05
2025-09-24,7:00,19:03
2025-09-25,7:02,19:01
2025-09-26,7:03,18:59
2025-09-27,7:04,18:56
2025-09-28,7:06,18:54
2025-09-29,7:07,18:52
2025-09-30,7:09,18:50
2025-10-01,7:10,18:48
2025-10-02,7:12,18:46
2025-10-03,7:13,18:44
2025-10-04,7:14,18:42
2025-10-05,7:16,18:40
2025-10-06,7:17,18:38
2025-10-07,7:19,18:36
2025-10-08,7:20,18:34
2025-10-09,7:22,18:32
2025-10-10,7:23,18:30
2025-10-11,7:25,18:28
2025-10-12,7:26,18:26
2025-10-13,7:28,18:24
2025-10-14,7:29,18:22
2025-10-15,7:31,18:20
2025-10-16,7:32,18:18
2025-10-17,7:34,18:16
2025-10-18,7:35,18:14
2025-10-19,7:37,18:12
2025-10-20,7:38,18:10
2025-10-21,7:40,18:09
2025-10-22,7:41,18:07
2025-10-23,7:43,18:05
2025-10-24,7:44,18:03
2025-10-25,7:46,18:01
2025-10-26,7:47,18:00
2025-10-27,7:49,17:58
2025-10-28,7:51,17:56
2025-10-29,7:52,17:55
2025-10-30,7:54,17:53
2025-10-31,7:55,17:51
2025-11-01,7:57,17:50
2025-11-02,6:58,16:48
2025-11-03,7:00,16:46
2025-11-04,7:02,16:45
2025-11-05,7:03,16:43
2025-11-06,7:05,16:42
2025-11-07,7:06,16:41
2025-11-08,7:08,16:39
2025-11-09,7:09,16:38
2025-11-10,7:11,16:36
2025-11-11,7:12,16:35
2025-11-12,7:14,16:34
2025-11-13,7:16,16:33
2025-11-14,7:17,16:31
2025-11-15,7:19,16:30
2025-11-16,7:20,16:29
2025-11-17,7:22,16:28
2025-11-18,7:23,16:27
2025-11-19,7:25,16:26
2025-11-20,7:26,16:25
2025-11-21,7:28,16:24
2025-11-22,7:29,16:23
2025-11-23,7:31,16:22
2025-11-24,7:32,16:21
2025-11-25,7:33,16:21
2025-11-26,7:35,16:20
2025-11-27,7:36,16:19
2025-11-28,7:37,16:19
2025-11-29,7:39,16:18
2025-11-30,7:40,16:17
2025-12-01,7:41,16:17
2025-12-02,7:43,16:16
2025-12-03,7:44,16:16
2025-12-04,7:45,16:16
2025-12-05,7:46,16:15
2025-12-06,7:47,16:15
2025-12-07,7:48,16:15
2025-12-08,7:49,16:15
2025-12-09,7:50,16:15
2025-12-10,7:51,16:15
2025-12-11,7:52,16:15
2025-12-12,7:53,16:15
2025-12-13,7:54,16:15
2025-12-14,7:55,16:15
2025-12-15,7:56,16:15
2025-12-16,7:56,16:15
2025-12-17,7:57,16:16
2025-12-18,7:58,16:16
2025-12-19,7:58,16:16
2025-12-20,7:59,16:17
2025-12-21,7:59,16:17
2025-12-22,8:00,16:18
2025-12-23,8:00,16:18
2025-12-24,8:01,16:19
2025-12-25,8:01,16:20
2025-12-26,8:01,16:20
2025-12-27,8:02,16:21
2025-12-28,8:02,16:22
2025-12-29,8:02,16:23
2025-12-30,8:02,16:24
2025-12-31,8:02,16:25
